Año,Localidad,Sexo,Aseguramiento,Estrato,Casos de sibilancia último año,Casos de tos último año diferente gripa,Casos de mocos o nariz tapada último año,Registros,Casos sintomas totales
2020,BARRIOS UNIDOS,Hombre,Contributivo (EPS),2,0,0,1,7,1
2020,BARRIOS UNIDOS,Hombre,Contributivo (EPS),3,2,0,2,30,4
2020,BARRIOS UNIDOS,Hombre,Contributivo (EPS),4,1,0,3,5,4
2020,BARRIOS UNIDOS,Hombre,Subsidiado (EPSS),3,0,0,0,10,0
2020,BARRIOS UNIDOS,Mujer,Contributivo (EPS),2,1,0,1,3,2
2020,BARRIOS UNIDOS,Mujer,Contributivo (EPS),3,3,3,6,40,12
2020,BARRIOS UNIDOS,Mujer,Contributivo (EPS),4,0,0,1,4,1
2020,BARRIOS UNIDOS,Mujer,Ninguno,3,0,0,0,2,0
2020,BARRIOS UNIDOS,Mujer,Subsidiado (EPSS),2,0,0,1,1,1
2020,BARRIOS UNIDOS,Mujer,Subsidiado (EPSS),3,0,0,0,6,0
2020,BOSA,Hombre,Contributivo (EPS),1,0,0,0,1,0
2020,BOSA,Hombre,Contributivo (EPS),2,2,0,21,107,23
2020,BOSA,Hombre,Ninguno,2,0,0,1,5,1
2020,BOSA,Hombre,Régimen excepcional,2,0,0,2,5,2
2020,BOSA,Hombre,Subsidiado (EPSS),2,0,0,7,30,7
2020,BOSA,Mujer,Contributivo (EPS),2,4,1,15,110,20
2020,BOSA,Mujer,Contributivo (EPS),3,0,0,1,4,1
2020,BOSA,Mujer,Ninguno,2,0,0,2,8,2
2020,BOSA,Mujer,Régimen excepcional,2,0,0,0,2,0
2020,BOSA,Mujer,Subsidiado (EPSS),2,1,0,7,32,8
2020,CIUDAD BOLIVAR,Hombre,Contributivo (EPS),1,4,3,11,69,18
2020,CIUDAD BOLIVAR,Hombre,Contributivo (EPS),2,3,1,4,33,8
2020,CIUDAD BOLIVAR,Hombre,Contributivo (EPS),3,0,0,0,1,0
2020,CIUDAD BOLIVAR,Hombre,Ninguno,1,0,0,3,5,3
2020,CIUDAD BOLIVAR,Hombre,Ninguno,2,0,0,0,3,0
2020,CIUDAD BOLIVAR,Hombre,Régimen excepcional,1,0,0,0,1,0
2020,CIUDAD BOLIVAR,Hombre,Régimen excepcional,2,0,1,0,3,1
2020,CIUDAD BOLIVAR,Hombre,Subsidiado (EPSS),1,1,2,7,49,10
2020,CIUDAD BOLIVAR,Hombre,Subsidiado (EPSS),2,0,1,1,15,2
2020,CIUDAD BOLIVAR,Mujer,Contributivo (EPS),1,3,4,10,41,17
2020,CIUDAD BOLIVAR,Mujer,Contributivo (EPS),2,1,1,5,41,7
2020,CIUDAD BOLIVAR,Mujer,Ninguno,1,0,0,0,3,0
2020,CIUDAD BOLIVAR,Mujer,Ninguno,2,0,0,1,1,1
2020,CIUDAD BOLIVAR,Mujer,Régimen excepcional,1,0,0,3,4,3
2020,CIUDAD BOLIVAR,Mujer,Subsidiado (EPSS),1,3,4,6,34,13
2020,CIUDAD BOLIVAR,Mujer,Subsidiado (EPSS),2,0,2,2,17,4
2020,ENGATIVÁ,Hombre,Contributivo (EPS),1,0,0,0,1,0
2020,ENGATIVÁ,Hombre,Contributivo (EPS),2,2,3,8,41,13
2020,ENGATIVÁ,Hombre,Contributivo (EPS),3,6,3,16,118,25
2020,ENGATIVÁ,Hombre,Contributivo (EPS),4,0,1,2,4,3
2020,ENGATIVÁ,Hombre,Ninguno,2,0,0,0,1,0
2020,ENGATIVÁ,Hombre,Ninguno,3,0,0,0,2,0
2020,ENGATIVÁ,Hombre,Régimen excepcional,3,0,0,0,5,0
2020,ENGATIVÁ,Hombre,Subsidiado (EPSS),2,0,0,1,9,1
2020,ENGATIVÁ,Hombre,Subsidiado (EPSS),3,0,0,1,8,1
2020,ENGATIVÁ,Mujer,Contributivo (EPS),2,3,4,3,30,10
2020,ENGATIVÁ,Mujer,Contributivo (EPS),3,7,2,9,94,18
2020,ENGATIVÁ,Mujer,Contributivo (EPS),4,0,0,0,1,0
2020,ENGATIVÁ,Mujer,Ninguno,3,0,1,0,2,1
2020,ENGATIVÁ,Mujer,Régimen excepcional,2,0,0,0,1,0
2020,ENGATIVÁ,Mujer,Régimen excepcional,3,0,0,0,5,0
2020,ENGATIVÁ,Mujer,Subsidiado (EPSS),2,0,0,1,6,1
2020,ENGATIVÁ,Mujer,Subsidiado (EPSS),3,1,0,3,12,4
2020,FONTIBÓN,Hombre,Contributivo (EPS),2,0,0,2,19,2
2020,FONTIBÓN,Hombre,Contributivo (EPS),3,1,0,6,45,7
2020,FONTIBÓN,Hombre,Contributivo (EPS),4,1,0,3,12,4
2020,FONTIBÓN,Hombre,Ninguno,3,1,0,2,4,3
2020,FONTIBÓN,Hombre,Ninguno,4,0,0,0,1,0
2020,FONTIBÓN,Hombre,Régimen excepcional,2,0,0,0,1,0
2020,FONTIBÓN,Hombre,Régimen excepcional,3,0,0,0,2,0
2020,FONTIBÓN,Hombre,Régimen excepcional,4,0,0,0,2,0
2020,FONTIBÓN,Hombre,Subsidiado (EPSS),2,0,0,0,6,0
2020,FONTIBÓN,Hombre,Subsidiado (EPSS),3,1,0,0,5,1
2020,FONTIBÓN,Hombre,Subsidiado (EPSS),4,0,0,0,1,0
2020,FONTIBÓN,Mujer,Contributivo (EPS),2,1,0,0,11,1
2020,FONTIBÓN,Mujer,Contributivo (EPS),3,3,0,4,30,7
2020,FONTIBÓN,Mujer,Contributivo (EPS),4,1,0,1,9,2
2020,FONTIBÓN,Mujer,Ninguno,2,0,0,0,1,0
2020,FONTIBÓN,Mujer,Ninguno,3,0,0,0,1,0
2020,FONTIBÓN,Mujer,Régimen excepcional,3,0,0,0,3,0
2020,FONTIBÓN,Mujer,Subsidiado (EPSS),2,0,0,1,5,1
2020,FONTIBÓN,Mujer,Subsidiado (EPSS),3,0,0,1,5,1
2020,FONTIBÓN,Mujer,Subsidiado (EPSS),4,0,0,0,1,0
2020,KENNEDY,Hombre,Contributivo (EPS),2,2,0,12,121,14
2020,KENNEDY,Hombre,Contributivo (EPS),3,3,1,3,60,7
2020,KENNEDY,Hombre,Ninguno,2,1,1,1,7,3
2020,KENNEDY,Hombre,Ninguno,3,0,0,0,2,0
2020,KENNEDY,Hombre,Régimen excepcional,2,0,0,0,5,0
2020,KENNEDY,Hombre,Régimen excepcional,3,0,0,1,3,1
2020,KENNEDY,Hombre,Subsidiado (EPSS),2,2,0,5,43,7
2020,KENNEDY,Hombre,Subsidiado (EPSS),3,1,0,0,15,1
2020,KENNEDY,Mujer,Contributivo (EPS),2,4,0,14,114,18
2020,KENNEDY,Mujer,Contributivo (EPS),3,1,0,1,42,2
2020,KENNEDY,Mujer,Ninguno,2,0,1,2,8,3
2020,KENNEDY,Mujer,Ninguno,3,0,0,0,1,0
2020,KENNEDY,Mujer,Régimen excepcional,2,0,0,0,3,0
2020,KENNEDY,Mujer,Régimen excepcional,3,0,0,0,2,0
2020,KENNEDY,Mujer,Subsidiado (EPSS),2,2,0,3,36,5
2020,KENNEDY,Mujer,Subsidiado (EPSS),3,0,0,0,20,0
2020,PUENTE ARANDA,Hombre,Contributivo (EPS),3,2,0,14,31,16
2020,PUENTE ARANDA,Hombre,Ninguno,3,0,0,1,1,1
2020,PUENTE ARANDA,Hombre,Régimen excepcional,3,0,0,2,2,2
2020,PUENTE ARANDA,Hombre,Subsidiado (EPSS),3,0,0,0,2,0
2020,PUENTE ARANDA,Mujer,Contributivo (EPS),2,0,0,0,1,0
2020,PUENTE ARANDA,Mujer,Contributivo (EPS),3,1,0,12,33,13
2020,PUENTE ARANDA,Mujer,Régimen excepcional,3,0,0,1,6,1
2020,PUENTE ARANDA,Mujer,Subsidiado (EPSS),3,0,0,0,4,0
2020,SAN CRISTOBAL,Hombre,Contributivo (EPS),1,0,0,0,1,0
2020,SAN CRISTOBAL,Hombre,Contributivo (EPS),2,3,4,2,43,9
2020,SAN CRISTOBAL,Hombre,Contributivo (EPS),3,0,0,0,2,0
2020,SAN CRISTOBAL,Hombre,Ninguno,2,0,0,0,1,0
2020,SAN CRISTOBAL,Hombre,Ninguno,3,0,0,0,1,0
2020,SAN CRISTOBAL,Hombre,Régimen excepcional,2,0,0,0,1,0
2020,SAN CRISTOBAL,Hombre,Régimen excepcional,3,0,0,0,2,0
2020,SAN CRISTOBAL,Hombre,Subsidiado (EPSS),1,0,0,0,9,0
2020,SAN CRISTOBAL,Hombre,Subsidiado (EPSS),2,1,2,1,24,4
2020,SAN CRISTOBAL,Hombre,Subsidiado (EPSS),3,0,0,0,2,0
2020,SAN CRISTOBAL,Mujer,Contributivo (EPS),1,0,1,0,1,1
2020,SAN CRISTOBAL,Mujer,Contributivo (EPS),2,3,2,2,28,7
2020,SAN CRISTOBAL,Mujer,Contributivo (EPS),3,0,0,2,8,2
2020,SAN CRISTOBAL,Mujer,Régimen excepcional,2,0,0,0,1,0
2020,SAN CRISTOBAL,Mujer,Subsidiado (EPSS),1,0,0,0,9,0
2020,SAN CRISTOBAL,Mujer,Subsidiado (EPSS),2,0,0,0,27,0
2020,SAN CRISTOBAL,Mujer,Subsidiado (EPSS),3,1,0,0,4,1
2020,SANTA FE,Hombre,Contributivo (EPS),2,0,1,0,16,1
2020,SANTA FE,Hombre,Contributivo (EPS),3,1,0,0,4,1
2020,SANTA FE,Hombre,Ninguno,2,0,0,0,2,0
2020,SANTA FE,Hombre,Subsidiado (EPSS),2,1,2,2,18,5
2020,SANTA FE,Hombre,Subsidiado (EPSS),3,0,0,0,2,0
2020,SANTA FE,Mujer,Contributivo (EPS),1,0,0,0,1,0
2020,SANTA FE,Mujer,Contributivo (EPS),2,1,0,0,14,1
2020,SANTA FE,Mujer,Contributivo (EPS),3,0,0,0,5,0
2020,SANTA FE,Mujer,Ninguno,3,0,0,0,1,0
2020,SANTA FE,Mujer,Régimen excepcional,2,0,0,0,1,0
2020,SANTA FE,Mujer,Régimen excepcional,3,0,0,0,1,0
2020,SANTA FE,Mujer,Subsidiado (EPSS),1,0,0,0,2,0
2020,SANTA FE,Mujer,Subsidiado (EPSS),2,0,2,2,16,4
2020,SANTA FE,Mujer,Subsidiado (EPSS),3,0,0,0,1,0
2020,SUBA,Hombre,Contributivo (EPS),2,11,4,15,102,30
2020,SUBA,Hombre,Contributivo (EPS),3,2,2,0,70,4
2020,SUBA,Hombre,Contributivo (EPS),4,0,0,2,5,2
2020,SUBA,Hombre,Ninguno,2,0,0,0,1,0
2020,SUBA,Hombre,Régimen excepcional,2,0,1,0,2,1
2020,SUBA,Hombre,Régimen excepcional,3,0,0,0,3,0
2020,SUBA,Hombre,Régimen excepcional,4,0,0,0,1,0
2020,SUBA,Hombre,Subsidiado (EPSS),2,2,3,3,30,8
2020,SUBA,Hombre,Subsidiado (EPSS),3,1,0,2,6,3
2020,SUBA,Mujer,Contributivo (EPS),2,7,5,10,99,22
2020,SUBA,Mujer,Contributivo (EPS),3,3,1,6,60,10
2020,SUBA,Mujer,Contributivo (EPS),4,1,0,0,6,1
2020,SUBA,Mujer,Ninguno,2,1,0,1,2,2
2020,SUBA,Mujer,Régimen excepcional,2,0,0,1,5,1
2020,SUBA,Mujer,Régimen excepcional,3,0,0,1,3,1
2020,SUBA,Mujer,Subsidiado (EPSS),2,0,0,1,27,1
2020,SUBA,Mujer,Subsidiado (EPSS),3,2,2,2,9,6
2020,TUNJUELITO,Hombre,Contributivo (EPS),2,0,2,3,29,5
2020,TUNJUELITO,Hombre,Contributivo (EPS),3,1,1,1,4,3
2020,TUNJUELITO,Hombre,Régimen excepcional,2,0,0,1,1,1
2020,TUNJUELITO,Hombre,Subsidiado (EPSS),2,2,3,3,12,8
2020,TUNJUELITO,Hombre,Subsidiado (EPSS),3,0,2,1,2,3
2020,TUNJUELITO,Mujer,Contributivo (EPS),2,0,0,2,19,2
2020,TUNJUELITO,Mujer,Contributivo (EPS),3,0,0,0,4,0
2020,TUNJUELITO,Mujer,Ninguno,2,1,0,0,1,1
2020,TUNJUELITO,Mujer,Régimen excepcional,2,0,0,0,1,0
2020,TUNJUELITO,Mujer,Subsidiado (EPSS),2,0,1,2,9,3
2020,TUNJUELITO,Mujer,Subsidiado (EPSS),3,0,0,0,2,0
2020,USAQUEN,Hombre,Contributivo (EPS),1,0,0,0,2,0
2020,USAQUEN,Hombre,Contributivo (EPS),2,2,1,1,19,4
2020,USAQUEN,Hombre,Contributivo (EPS),3,2,0,1,22,3
2020,USAQUEN,Hombre,Contributivo (EPS),4,3,2,2,6,7
2020,USAQUEN,Hombre,Ninguno,1,0,0,0,1,0
2020,USAQUEN,Hombre,Ninguno,2,0,0,0,1,0
2020,USAQUEN,Hombre,Ninguno,3,0,0,0,1,0
2020,USAQUEN,Hombre,Régimen excepcional,2,1,1,0,1,2
2020,USAQUEN,Hombre,Régimen excepcional,3,0,0,0,1,0
2020,USAQUEN,Hombre,Subsidiado (EPSS),2,1,0,0,5,1
2020,USAQUEN,Hombre,Subsidiado (EPSS),3,0,0,1,5,1
2020,USAQUEN,Mujer,Contributivo (EPS),1,0,0,0,2,0
2020,USAQUEN,Mujer,Contributivo (EPS),2,0,0,0,18,0
2020,USAQUEN,Mujer,Contributivo (EPS),3,1,1,1,18,3
2020,USAQUEN,Mujer,Contributivo (EPS),4,0,0,0,6,0
2020,USAQUEN,Mujer,Ninguno,2,1,0,1,1,2
2020,USAQUEN,Mujer,Ninguno,4,0,0,0,1,0
2020,USAQUEN,Mujer,Régimen excepcional,3,0,0,0,1,0
2020,USAQUEN,Mujer,Subsidiado (EPSS),1,0,1,1,2,2
2020,USAQUEN,Mujer,Subsidiado (EPSS),2,0,0,0,2,0
2020,USAQUEN,Mujer,Subsidiado (EPSS),3,0,0,0,3,0
2020,USME,Hombre,Contributivo (EPS),1,2,2,4,20,8
2020,USME,Hombre,Contributivo (EPS),2,3,1,6,23,10
2020,USME,Hombre,Régimen excepcional,2,0,0,0,1,0
2020,USME,Hombre,Subsidiado (EPSS),1,1,1,0,17,2
2020,USME,Hombre,Subsidiado (EPSS),2,2,2,1,11,5
2020,USME,Mujer,Contributivo (EPS),1,3,3,1,25,7
2020,USME,Mujer,Contributivo (EPS),2,1,1,6,20,8
2020,USME,Mujer,Ninguno,1,1,1,0,3,2
2020,USME,Mujer,Régimen excepcional,2,0,0,0,1,0
2020,USME,Mujer,Subsidiado (EPSS),1,2,3,0,12,5
2020,USME,Mujer,Subsidiado (EPSS),2,2,0,1,8,3
2021,BARRIOS UNIDOS,Hombre,Contributivo (EPS),2,0,0,0,1,0
2021,BARRIOS UNIDOS,Hombre,Contributivo (EPS),3,1,3,5,28,9
2021,BARRIOS UNIDOS,Hombre,Contributivo (EPS),4,0,0,0,7,0
2021,BARRIOS UNIDOS,Hombre,Ninguno,3,0,0,0,2,0
2021,BARRIOS UNIDOS,Hombre,Régimen excepcional,3,0,0,0,1,0
2021,BARRIOS UNIDOS,Hombre,Subsidiado (EPSS),2,0,0,0,1,0
2021,BARRIOS UNIDOS,Hombre,Subsidiado (EPSS),3,0,0,0,12,0
2021,BARRIOS UNIDOS,Hombre,Subsidiado (EPSS),4,0,0,0,1,0
2021,BARRIOS UNIDOS,Mujer,Contributivo (EPS),2,0,0,0,1,0
2021,BARRIOS UNIDOS,Mujer,Contributivo (EPS),3,1,2,2,20,5
2021,BARRIOS UNIDOS,Mujer,Contributivo (EPS),4,0,0,0,7,0
2021,BARRIOS UNIDOS,Mujer,Ninguno,4,0,0,0,1,0
2021,BARRIOS UNIDOS,Mujer,Régimen excepcional,3,0,0,0,1,0
2021,BARRIOS UNIDOS,Mujer,Subsidiado (EPSS),3,0,0,0,17,0
2021,BOSA,Hombre,Contributivo (EPS),1,0,0,0,5,0
2021,BOSA,Hombre,Contributivo (EPS),2,2,1,9,126,12
2021,BOSA,Hombre,Contributivo (EPS),3,0,0,1,6,1
2021,BOSA,Hombre,Régimen excepcional,1,0,0,1,2,1
2021,BOSA,Hombre,Régimen excepcional,2,0,0,1,5,1
2021,BOSA,Hombre,Subsidiado (EPSS),1,0,0,0,2,0
2021,BOSA,Hombre,Subsidiado (EPSS),2,3,2,7,52,12
2021,BOSA,Mujer,Contributivo (EPS),1,0,0,0,4,0
2021,BOSA,Mujer,Contributivo (EPS),2,2,0,10,112,12
2021,BOSA,Mujer,Contributivo (EPS),3,0,0,2,5,2
2021,BOSA,Mujer,Ninguno,1,0,0,0,1,0
2021,BOSA,Mujer,Ninguno,2,0,0,0,3,0
2021,BOSA,Mujer,Régimen excepcional,2,0,0,0,8,0
2021,BOSA,Mujer,Subsidiado (EPSS),1,0,0,0,2,0
2021,BOSA,Mujer,Subsidiado (EPSS),2,0,0,8,52,8
2021,CIUDAD BOLIVAR,Hombre,Contributivo (EPS),1,2,2,10,105,14
2021,CIUDAD BOLIVAR,Hombre,Contributivo (EPS),2,3,5,3,58,11
2021,CIUDAD BOLIVAR,Hombre,Contributivo (EPS),3,0,0,1,1,1
2021,CIUDAD BOLIVAR,Hombre,Ninguno,1,0,0,1,1,1
2021,CIUDAD BOLIVAR,Hombre,Ninguno,2,1,0,1,2,2
2021,CIUDAD BOLIVAR,Hombre,Régimen excepcional,1,0,0,0,2,0
2021,CIUDAD BOLIVAR,Hombre,Régimen excepcional,2,0,0,0,4,0
2021,CIUDAD BOLIVAR,Hombre,Subsidiado (EPSS),1,7,4,8,72,19
2021,CIUDAD BOLIVAR,Hombre,Subsidiado (EPSS),2,1,0,1,20,2
2021,CIUDAD BOLIVAR,Mujer,Contributivo (EPS),1,1,2,8,84,11
2021,CIUDAD BOLIVAR,Mujer,Contributivo (EPS),2,3,2,6,45,11
2021,CIUDAD BOLIVAR,Mujer,Contributivo (EPS),3,0,0,0,2,0
2021,CIUDAD BOLIVAR,Mujer,Ninguno,1,0,1,0,3,1
2021,CIUDAD BOLIVAR,Mujer,Régimen excepcional,1,0,0,0,1,0
2021,CIUDAD BOLIVAR,Mujer,Régimen excepcional,2,0,1,0,2,1
2021,CIUDAD BOLIVAR,Mujer,Subsidiado (EPSS),1,1,2,11,63,14
2021,CIUDAD BOLIVAR,Mujer,Subsidiado (EPSS),2,2,0,1,16,3
2021,ENGATIVÁ,Hombre,Contributivo (EPS),2,1,2,6,33,9
2021,ENGATIVÁ,Hombre,Contributivo (EPS),3,1,4,9,86,14
2021,ENGATIVÁ,Hombre,Ninguno,2,0,0,0,1,0
2021,ENGATIVÁ,Hombre,Ninguno,3,0,0,0,2,0
2021,ENGATIVÁ,Hombre,Régimen excepcional,2,0,0,0,1,0
2021,ENGATIVÁ,Hombre,Régimen excepcional,3,0,1,2,3,3
2021,ENGATIVÁ,Hombre,Subsidiado (EPSS),2,0,0,2,11,2
2021,ENGATIVÁ,Hombre,Subsidiado (EPSS),3,0,0,2,38,2
2021,ENGATIVÁ,Mujer,Contributivo (EPS),2,0,0,2,35,2
2021,ENGATIVÁ,Mujer,Contributivo (EPS),3,1,6,12,86,19
2021,ENGATIVÁ,Mujer,Contributivo (EPS),4,0,0,0,2,0
2021,ENGATIVÁ,Mujer,Ninguno,2,0,0,1,2,1
2021,ENGATIVÁ,Mujer,Ninguno,3,0,0,1,4,1
2021,ENGATIVÁ,Mujer,Subsidiado (EPSS),2,0,1,1,14,2
2021,ENGATIVÁ,Mujer,Subsidiado (EPSS),3,0,0,0,24,0
2021,FONTIBÓN,Hombre,Contributivo (EPS),2,0,0,0,12,0
2021,FONTIBÓN,Hombre,Contributivo (EPS),3,0,0,7,36,7
2021,FONTIBÓN,Hombre,Contributivo (EPS),4,0,0,1,7,1
2021,FONTIBÓN,Hombre,Ninguno,3,0,0,0,1,0
2021,FONTIBÓN,Hombre,Régimen excepcional,3,0,0,1,2,1
2021,FONTIBÓN,Hombre,Régimen excepcional,4,0,0,0,1,0
2021,FONTIBÓN,Hombre,Subsidiado (EPSS),2,0,0,0,6,0
2021,FONTIBÓN,Hombre,Subsidiado (EPSS),3,0,0,1,7,1
2021,FONTIBÓN,Hombre,Subsidiado (EPSS),4,0,0,0,1,0
2021,FONTIBÓN,Mujer,Contributivo (EPS),2,0,0,1,16,1
2021,FONTIBÓN,Mujer,Contributivo (EPS),3,2,0,8,33,10
2021,FONTIBÓN,Mujer,Contributivo (EPS),4,0,0,3,11,3
2021,FONTIBÓN,Mujer,Ninguno,2,0,0,0,1,0
2021,FONTIBÓN,Mujer,Ninguno,3,0,0,0,1,0
2021,FONTIBÓN,Mujer,Régimen excepcional,2,0,0,0,1,0
2021,FONTIBÓN,Mujer,Régimen excepcional,3,0,0,0,1,0
2021,FONTIBÓN,Mujer,Subsidiado (EPSS),2,1,0,2,9,3
2021,FONTIBÓN,Mujer,Subsidiado (EPSS),3,0,0,1,10,1
2021,KENNEDY,Hombre,Contributivo (EPS),2,0,1,15,103,16
2021,KENNEDY,Hombre,Contributivo (EPS),3,5,2,19,84,26
2021,KENNEDY,Hombre,Contributivo (EPS),4,0,0,0,1,0
2021,KENNEDY,Hombre,Ninguno,2,0,0,0,8,0
2021,KENNEDY,Hombre,Ninguno,3,0,0,1,4,1
2021,KENNEDY,Hombre,Régimen excepcional,2,0,0,1,5,1
2021,KENNEDY,Hombre,Régimen excepcional,3,0,0,1,3,1
2021,KENNEDY,Hombre,Subsidiado (EPSS),2,2,0,5,54,7
2021,KENNEDY,Hombre,Subsidiado (EPSS),3,1,0,4,18,5
2021,KENNEDY,Mujer,Contributivo (EPS),2,2,0,18,112,20
2021,KENNEDY,Mujer,Contributivo (EPS),3,0,1,8,41,9
2021,KENNEDY,Mujer,Contributivo (EPS),4,0,0,0,1,0
2021,KENNEDY,Mujer,Ninguno,2,0,1,2,7,3
2021,KENNEDY,Mujer,Ninguno,3,0,0,0,3,0
2021,KENNEDY,Mujer,Régimen excepcional,2,0,0,3,10,3
2021,KENNEDY,Mujer,Régimen excepcional,3,0,0,0,2,0
2021,KENNEDY,Mujer,Subsidiado (EPSS),2,0,0,3,53,3
2021,KENNEDY,Mujer,Subsidiado (EPSS),3,0,0,4,17,4
2021,PUENTE ARANDA,Hombre,Contributivo (EPS),3,0,0,9,46,9
2021,PUENTE ARANDA,Hombre,Régimen excepcional,3,0,0,0,1,0
2021,PUENTE ARANDA,Hombre,Subsidiado (EPSS),3,0,0,3,7,3
2021,PUENTE ARANDA,Mujer,Contributivo (EPS),2,0,0,0,1,0
2021,PUENTE ARANDA,Mujer,Contributivo (EPS),3,0,0,6,34,6
2021,PUENTE ARANDA,Mujer,Ninguno,3,0,0,0,1,0
2021,PUENTE ARANDA,Mujer,Régimen excepcional,3,0,0,0,1,0
2021,PUENTE ARANDA,Mujer,Subsidiado (EPSS),3,0,0,2,9,2
2021,SAN CRISTOBAL,Hombre,Contributivo (EPS),1,1,0,0,2,1
2021,SAN CRISTOBAL,Hombre,Contributivo (EPS),2,2,0,3,55,5
2021,SAN CRISTOBAL,Hombre,Contributivo (EPS),3,0,0,1,6,1
2021,SAN CRISTOBAL,Hombre,Ninguno,2,0,0,0,1,0
2021,SAN CRISTOBAL,Hombre,Ninguno,3,0,0,0,1,0
2021,SAN CRISTOBAL,Hombre,Régimen excepcional,2,0,0,0,1,0
2021,SAN CRISTOBAL,Hombre,Régimen excepcional,3,0,0,0,1,0
2021,SAN CRISTOBAL,Hombre,Subsidiado (EPSS),2,1,1,1,19,3
2021,SAN CRISTOBAL,Mujer,Contributivo (EPS),1,0,0,0,2,0
2021,SAN CRISTOBAL,Mujer,Contributivo (EPS),2,0,1,4,50,5
2021,SAN CRISTOBAL,Mujer,Contributivo (EPS),3,0,0,0,3,0
2021,SAN CRISTOBAL,Mujer,Ninguno,2,1,0,0,1,1
2021,SAN CRISTOBAL,Mujer,Régimen excepcional,2,0,0,2,4,2
2021,SAN CRISTOBAL,Mujer,Régimen excepcional,3,0,0,0,1,0
2021,SAN CRISTOBAL,Mujer,Subsidiado (EPSS),1,0,0,0,1,0
2021,SAN CRISTOBAL,Mujer,Subsidiado (EPSS),2,1,0,1,21,2
2021,SAN CRISTOBAL,Mujer,Subsidiado (EPSS),3,0,0,0,2,0
2021,SANTA FE,Hombre,Contributivo (EPS),1,0,0,0,1,0
2021,SANTA FE,Hombre,Contributivo (EPS),2,1,1,2,27,4
2021,SANTA FE,Hombre,Contributivo (EPS),3,0,0,0,1,0
2021,SANTA FE,Hombre,Régimen excepcional,2,1,1,0,2,2
2021,SANTA FE,Hombre,Subsidiado (EPSS),1,0,0,0,3,0
2021,SANTA FE,Hombre,Subsidiado (EPSS),2,2,1,1,30,4
2021,SANTA FE,Mujer,Contributivo (EPS),1,0,0,0,2,0
2021,SANTA FE,Mujer,Contributivo (EPS),2,1,0,5,24,6
2021,SANTA FE,Mujer,Contributivo (EPS),3,0,0,0,2,0
2021,SANTA FE,Mujer,Ninguno,1,0,0,0,1,0
2021,SANTA FE,Mujer,Régimen excepcional,2,0,0,0,2,0
2021,SANTA FE,Mujer,Subsidiado (EPSS),2,0,0,2,17,2
2021,SANTA FE,Mujer,Subsidiado (EPSS),3,0,0,0,2,0
2021,SUBA,Hombre,Contributivo (EPS),2,8,12,18,144,38
2021,SUBA,Hombre,Contributivo (EPS),3,3,2,10,65,15
2021,SUBA,Hombre,Contributivo (EPS),4,0,0,1,11,1
2021,SUBA,Hombre,Ninguno,2,0,0,0,6,0
2021,SUBA,Hombre,Ninguno,3,0,0,0,1,0
2021,SUBA,Hombre,Régimen excepcional,2,0,0,0,1,0
2021,SUBA,Hombre,Régimen excepcional,3,0,0,0,2,0
2021,SUBA,Hombre,Subsidiado (EPSS),2,0,4,3,43,7
2021,SUBA,Hombre,Subsidiado (EPSS),3,0,0,0,6,0
2021,SUBA,Hombre,Subsidiado (EPSS),4,0,0,0,1,0
2021,SUBA,Mujer,Contributivo (EPS),1,1,0,0,1,1
2021,SUBA,Mujer,Contributivo (EPS),2,2,6,17,113,25
2021,SUBA,Mujer,Contributivo (EPS),3,3,0,9,50,12
2021,SUBA,Mujer,Contributivo (EPS),4,1,2,4,15,7
2021,SUBA,Mujer,Ninguno,2,0,0,0,5,0
2021,SUBA,Mujer,Ninguno,3,0,0,0,1,0
2021,SUBA,Mujer,Ninguno,4,0,0,0,1,0
2021,SUBA,Mujer,Régimen excepcional,2,0,0,1,5,1
2021,SUBA,Mujer,Régimen excepcional,3,0,0,0,3,0
2021,SUBA,Mujer,Subsidiado (EPSS),1,0,0,0,1,0
2021,SUBA,Mujer,Subsidiado (EPSS),2,2,0,6,39,8
2021,SUBA,Mujer,Subsidiado (EPSS),3,2,0,2,6,4
2021,TUNJUELITO,Hombre,Contributivo (EPS),2,0,1,4,37,5
2021,TUNJUELITO,Hombre,Contributivo (EPS),3,0,0,1,13,1
2021,TUNJUELITO,Hombre,Ninguno,2,0,0,0,1,0
2021,TUNJUELITO,Hombre,Ninguno,3,0,0,0,2,0
2021,TUNJUELITO,Hombre,Régimen excepcional,2,0,0,0,2,0
2021,TUNJUELITO,Hombre,Régimen excepcional,3,0,0,0,1,0
2021,TUNJUELITO,Hombre,Subsidiado (EPSS),2,0,2,2,13,4
2021,TUNJUELITO,Hombre,Subsidiado (EPSS),3,0,0,1,3,1
2021,TUNJUELITO,Mujer,Contributivo (EPS),2,0,1,2,34,3
2021,TUNJUELITO,Mujer,Contributivo (EPS),3,0,0,2,16,2
2021,TUNJUELITO,Mujer,Ninguno,2,0,0,1,2,1
2021,TUNJUELITO,Mujer,Régimen excepcional,2,0,0,0,1,0
2021,TUNJUELITO,Mujer,Subsidiado (EPSS),2,1,0,1,17,2
2021,TUNJUELITO,Mujer,Subsidiado (EPSS),3,0,0,0,3,0
2021,USAQUEN,Hombre,Contributivo (EPS),1,0,0,0,4,0
2021,USAQUEN,Hombre,Contributivo (EPS),2,0,0,1,27,1
2021,USAQUEN,Hombre,Contributivo (EPS),3,0,0,0,6,0
2021,USAQUEN,Hombre,Contributivo (EPS),4,0,0,0,6,0
2021,USAQUEN,Hombre,Subsidiado (EPSS),1,0,0,0,3,0
2021,USAQUEN,Hombre,Subsidiado (EPSS),2,0,0,0,10,0
2021,USAQUEN,Hombre,Subsidiado (EPSS),3,0,1,0,4,1
2021,USAQUEN,Mujer,Contributivo (EPS),1,0,0,1,4,1
2021,USAQUEN,Mujer,Contributivo (EPS),2,1,0,0,30,1
2021,USAQUEN,Mujer,Contributivo (EPS),3,0,1,0,13,1
2021,USAQUEN,Mujer,Contributivo (EPS),4,0,0,0,8,0
2021,USAQUEN,Mujer,Subsidiado (EPSS),1,0,0,1,2,1
2021,USAQUEN,Mujer,Subsidiado (EPSS),2,0,0,0,10,0
2021,USAQUEN,Mujer,Subsidiado (EPSS),3,0,0,0,3,0
2021,USME,Hombre,Contributivo (EPS),1,2,2,13,49,17
2021,USME,Hombre,Contributivo (EPS),2,2,1,7,40,10
2021,USME,Hombre,Ninguno,1,0,0,1,1,1
2021,USME,Hombre,Ninguno,2,0,0,0,1,0
2021,USME,Hombre,Régimen excepcional,2,0,0,1,2,1
2021,USME,Hombre,Subsidiado (EPSS),1,0,0,4,24,4
2021,USME,Hombre,Subsidiado (EPSS),2,0,0,2,16,2
2021,USME,Mujer,Contributivo (EPS),1,2,1,6,26,9
2021,USME,Mujer,Contributivo (EPS),2,1,0,9,36,10
2021,USME,Mujer,Ninguno,1,0,0,2,2,2
2021,USME,Mujer,Régimen excepcional,2,0,0,0,1,0
2021,USME,Mujer,Subsidiado (EPSS),1,0,0,4,16,4
2021,USME,Mujer,Subsidiado (EPSS),2,0,0,4,10,4
2022,BARRIOS UNIDOS,Hombre,Contributivo (EPS),3,3,5,5,21,13
2022,BARRIOS UNIDOS,Hombre,Subsidiado (EPSS),3,0,1,0,8,1
2022,BARRIOS UNIDOS,Mujer,Contributivo (EPS),3,3,0,6,20,9
2022,BARRIOS UNIDOS,Mujer,Régimen excepcional,3,1,0,0,1,1
2022,BARRIOS UNIDOS,Mujer,Subsidiado (EPSS),2,0,0,0,1,0
2022,BARRIOS UNIDOS,Mujer,Subsidiado (EPSS),3,1,0,1,5,2
2022,BOSA,Hombre,Contributivo (EPS),1,0,0,5,16,5
2022,BOSA,Hombre,Contributivo (EPS),2,2,0,31,104,33
2022,BOSA,Hombre,Contributivo (EPS),3,0,0,0,1,0
2022,BOSA,Hombre,Ninguno,1,0,0,1,1,1
2022,BOSA,Hombre,Ninguno,2,0,0,0,3,0
2022,BOSA,Hombre,Régimen excepcional,2,0,0,2,3,2
2022,BOSA,Hombre,Régimen excepcional,3,0,0,0,1,0
2022,BOSA,Hombre,Subsidiado (EPSS),1,0,0,0,4,0
2022,BOSA,Hombre,Subsidiado (EPSS),2,2,0,13,46,15
2022,BOSA,Mujer,Contributivo (EPS),1,0,0,1,11,1
2022,BOSA,Mujer,Contributivo (EPS),2,5,0,26,86,31
2022,BOSA,Mujer,Ninguno,2,0,0,0,2,0
2022,BOSA,Mujer,Régimen excepcional,2,0,0,2,4,2
2022,BOSA,Mujer,Subsidiado (EPSS),1,1,0,0,6,1
2022,BOSA,Mujer,Subsidiado (EPSS),2,1,0,11,40,12
2022,CIUDAD BOLIVAR,Hombre,Contributivo (EPS),1,7,7,34,95,48
2022,CIUDAD BOLIVAR,Hombre,Contributivo (EPS),2,5,2,11,44,18
2022,CIUDAD BOLIVAR,Hombre,Contributivo (EPS),3,0,0,0,1,0
2022,CIUDAD BOLIVAR,Hombre,Ninguno,1,0,0,0,1,0
2022,CIUDAD BOLIVAR,Hombre,Régimen excepcional,1,0,1,1,4,2
2022,CIUDAD BOLIVAR,Hombre,Subsidiado (EPSS),1,7,4,18,59,29
2022,CIUDAD BOLIVAR,Hombre,Subsidiado (EPSS),2,1,1,1,13,3
2022,CIUDAD BOLIVAR,Mujer,Contributivo (EPS),1,6,8,21,67,35
2022,CIUDAD BOLIVAR,Mujer,Contributivo (EPS),2,5,1,8,32,14
2022,CIUDAD BOLIVAR,Mujer,Contributivo (EPS),3,0,0,0,1,0
2022,CIUDAD BOLIVAR,Mujer,Ninguno,1,0,0,0,1,0
2022,CIUDAD BOLIVAR,Mujer,Ninguno,2,0,0,0,1,0
2022,CIUDAD BOLIVAR,Mujer,Régimen excepcional,1,0,0,0,1,0
2022,CIUDAD BOLIVAR,Mujer,Régimen excepcional,2,1,1,1,1,3
2022,CIUDAD BOLIVAR,Mujer,Subsidiado (EPSS),1,4,3,25,67,32
2022,CIUDAD BOLIVAR,Mujer,Subsidiado (EPSS),2,0,0,1,11,1
2022,ENGATIVÁ,Hombre,Contributivo (EPS),1,0,1,1,4,2
2022,ENGATIVÁ,Hombre,Contributivo (EPS),2,3,3,6,25,12
2022,ENGATIVÁ,Hombre,Contributivo (EPS),3,9,8,13,51,30
2022,ENGATIVÁ,Hombre,Ninguno,3,0,0,0,1,0
2022,ENGATIVÁ,Hombre,Régimen excepcional,3,0,0,1,3,1
2022,ENGATIVÁ,Hombre,Subsidiado (EPSS),1,0,0,0,2,0
2022,ENGATIVÁ,Hombre,Subsidiado (EPSS),2,7,4,7,18,18
2022,ENGATIVÁ,Hombre,Subsidiado (EPSS),3,1,3,4,17,8
2022,ENGATIVÁ,Mujer,Contributivo (EPS),1,0,0,1,3,1
2022,ENGATIVÁ,Mujer,Contributivo (EPS),2,4,4,5,26,13
2022,ENGATIVÁ,Mujer,Contributivo (EPS),3,2,10,5,30,17
2022,ENGATIVÁ,Mujer,Contributivo (EPS),4,0,1,1,3,2
2022,ENGATIVÁ,Mujer,Ninguno,2,0,0,0,2,0
2022,ENGATIVÁ,Mujer,Régimen excepcional,2,0,0,0,1,0
2022,ENGATIVÁ,Mujer,Subsidiado (EPSS),1,0,0,1,2,1
2022,ENGATIVÁ,Mujer,Subsidiado (EPSS),2,3,3,5,16,11
2022,ENGATIVÁ,Mujer,Subsidiado (EPSS),3,0,1,2,7,3
2022,FONTIBÓN,Hombre,Contributivo (EPS),2,3,0,6,24,9
2022,FONTIBÓN,Hombre,Contributivo (EPS),3,1,1,7,36,9
2022,FONTIBÓN,Hombre,Contributivo (EPS),4,1,0,3,11,4
2022,FONTIBÓN,Hombre,Ninguno,3,0,0,0,1,0
2022,FONTIBÓN,Hombre,Régimen excepcional,3,0,0,0,1,0
2022,FONTIBÓN,Hombre,Régimen excepcional,4,1,0,1,1,2
2022,FONTIBÓN,Hombre,Subsidiado (EPSS),2,1,0,0,4,1
2022,FONTIBÓN,Hombre,Subsidiado (EPSS),3,2,1,2,12,5
2022,FONTIBÓN,Mujer,Contributivo (EPS),2,2,0,6,17,8
2022,FONTIBÓN,Mujer,Contributivo (EPS),3,0,0,4,22,4
2022,FONTIBÓN,Mujer,Contributivo (EPS),4,1,1,4,8,6
2022,FONTIBÓN,Mujer,Contributivo (EPS),5,0,0,1,2,1
2022,FONTIBÓN,Mujer,Ninguno,2,0,0,0,1,0
2022,FONTIBÓN,Mujer,Ninguno,3,1,0,0,1,1
2022,FONTIBÓN,Mujer,Régimen excepcional,3,0,0,0,2,0
2022,FONTIBÓN,Mujer,Subsidiado (EPSS),2,0,0,0,3,0
2022,FONTIBÓN,Mujer,Subsidiado (EPSS),3,0,0,3,3,3
2022,FONTIBÓN,Mujer,Subsidiado (EPSS),4,0,0,0,2,0
2022,KENNEDY,Hombre,Contributivo (EPS),1,0,0,0,1,0
2022,KENNEDY,Hombre,Contributivo (EPS),2,6,0,33,86,39
2022,KENNEDY,Hombre,Contributivo (EPS),3,3,2,14,33,19
2022,KENNEDY,Hombre,Ninguno,2,0,0,2,2,2
2022,KENNEDY,Hombre,Ninguno,3,0,0,1,2,1
2022,KENNEDY,Hombre,Régimen excepcional,2,1,0,5,7,6
2022,KENNEDY,Hombre,Régimen excepcional,3,1,0,3,7,4
2022,KENNEDY,Hombre,Subsidiado (EPSS),1,0,0,0,1,0
2022,KENNEDY,Hombre,Subsidiado (EPSS),2,2,0,9,28,11
2022,KENNEDY,Hombre,Subsidiado (EPSS),3,0,0,3,9,3
2022,KENNEDY,Mujer,Contributivo (EPS),1,0,0,2,3,2
2022,KENNEDY,Mujer,Contributivo (EPS),2,3,0,25,55,28
2022,KENNEDY,Mujer,Contributivo (EPS),3,2,0,13,39,15
2022,KENNEDY,Mujer,Ninguno,2,1,0,0,2,1
2022,KENNEDY,Mujer,Ninguno,3,0,0,0,1,0
2022,KENNEDY,Mujer,Régimen excepcional,2,0,0,2,5,2
2022,KENNEDY,Mujer,Régimen excepcional,3,0,0,2,3,2
2022,KENNEDY,Mujer,Subsidiado (EPSS),1,0,0,0,2,0
2022,KENNEDY,Mujer,Subsidiado (EPSS),2,1,0,10,34,11
2022,KENNEDY,Mujer,Subsidiado (EPSS),3,1,0,2,7,3
2022,PUENTE ARANDA,Hombre,Contributivo (EPS),3,1,1,19,44,21
2022,PUENTE ARANDA,Hombre,Régimen excepcional,3,0,0,1,3,1
2022,PUENTE ARANDA,Hombre,Subsidiado (EPSS),3,1,0,5,9,6
2022,PUENTE ARANDA,Mujer,Contributivo (EPS),3,1,0,11,32,12
2022,PUENTE ARANDA,Mujer,Ninguno,3,1,0,0,2,1
2022,PUENTE ARANDA,Mujer,Régimen excepcional,3,0,0,0,4,0
2022,PUENTE ARANDA,Mujer,Subsidiado (EPSS),3,0,0,4,9,4
2022,SAN CRISTOBAL,Hombre,Contributivo (EPS),1,0,0,1,5,1
2022,SAN CRISTOBAL,Hombre,Contributivo (EPS),2,4,6,6,53,16
2022,SAN CRISTOBAL,Hombre,Contributivo (EPS),3,0,2,1,9,3
2022,SAN CRISTOBAL,Hombre,Ninguno,2,0,0,0,2,0
2022,SAN CRISTOBAL,Hombre,Régimen excepcional,2,1,2,0,4,3
2022,SAN CRISTOBAL,Hombre,Subsidiado (EPSS),1,1,1,0,2,2
2022,SAN CRISTOBAL,Hombre,Subsidiado (EPSS),2,3,6,5,34,14
2022,SAN CRISTOBAL,Hombre,Subsidiado (EPSS),3,0,0,0,3,0
2022,SAN CRISTOBAL,Mujer,Contributivo (EPS),1,0,0,0,1,0
2022,SAN CRISTOBAL,Mujer,Contributivo (EPS),2,3,7,5,64,15
2022,SAN CRISTOBAL,Mujer,Contributivo (EPS),3,0,1,2,6,3
2022,SAN CRISTOBAL,Mujer,Régimen excepcional,1,1,0,0,1,1
2022,SAN CRISTOBAL,Mujer,Régimen excepcional,2,0,0,0,1,0
2022,SAN CRISTOBAL,Mujer,Subsidiado (EPSS),1,0,0,1,5,1
2022,SAN CRISTOBAL,Mujer,Subsidiado (EPSS),2,2,1,2,24,5
2022,SAN CRISTOBAL,Mujer,Subsidiado (EPSS),3,0,0,0,4,0
2022,SANTA FE,Hombre,Contributivo (EPS),1,0,0,0,1,0
2022,SANTA FE,Hombre,Contributivo (EPS),2,3,1,4,22,8
2022,SANTA FE,Hombre,Contributivo (EPS),3,0,0,1,4,1
2022,SANTA FE,Hombre,Ninguno,2,0,0,1,2,1
2022,SANTA FE,Hombre,Régimen excepcional,2,0,0,0,1,0
2022,SANTA FE,Hombre,Subsidiado (EPSS),1,0,0,0,1,0
2022,SANTA FE,Hombre,Subsidiado (EPSS),2,2,2,2,15,6
2022,SANTA FE,Hombre,Subsidiado (EPSS),3,0,0,0,5,0
2022,SANTA FE,Mujer,Contributivo (EPS),1,0,0,0,1,0
2022,SANTA FE,Mujer,Contributivo (EPS),2,6,4,6,27,16
2022,SANTA FE,Mujer,Contributivo (EPS),3,0,0,0,2,0
2022,SANTA FE,Mujer,Régimen excepcional,2,0,0,0,2,0
2022,SANTA FE,Mujer,Régimen excepcional,3,0,0,1,2,1
2022,SANTA FE,Mujer,Subsidiado (EPSS),1,0,0,0,2,0
2022,SANTA FE,Mujer,Subsidiado (EPSS),2,1,0,3,14,4
2022,SANTA FE,Mujer,Subsidiado (EPSS),3,0,1,0,3,1
2022,SUBA,Hombre,Contributivo (EPS),2,8,15,16,71,39
2022,SUBA,Hombre,Contributivo (EPS),3,10,12,13,48,35
2022,SUBA,Hombre,Contributivo (EPS),4,1,2,3,5,6
2022,SUBA,Hombre,Ninguno,2,1,0,2,4,3
2022,SUBA,Hombre,Régimen excepcional,2,0,0,0,1,0
2022,SUBA,Hombre,Régimen excepcional,3,0,0,2,4,2
2022,SUBA,Hombre,Subsidiado (EPSS),2,4,8,9,39,21
2022,SUBA,Hombre,Subsidiado (EPSS),3,2,4,3,17,9
2022,SUBA,Mujer,Contributivo (EPS),2,6,18,19,88,43
2022,SUBA,Mujer,Contributivo (EPS),3,3,7,12,43,22
2022,SUBA,Mujer,Contributivo (EPS),4,1,1,1,6,3
2022,SUBA,Mujer,Ninguno,2,0,2,1,2,3
2022,SUBA,Mujer,Régimen excepcional,3,1,1,1,3,3
2022,SUBA,Mujer,Subsidiado (EPSS),2,6,6,11,45,23
2022,SUBA,Mujer,Subsidiado (EPSS),3,2,1,1,13,4
2022,SUBA,Mujer,Subsidiado (EPSS),4,0,0,0,1,0
2022,TUNJUELITO,Hombre,Contributivo (EPS),2,4,3,7,34,14
2022,TUNJUELITO,Hombre,Contributivo (EPS),3,1,0,1,6,2
2022,TUNJUELITO,Hombre,Ninguno,2,0,0,0,1,0
2022,TUNJUELITO,Hombre,Régimen excepcional,2,0,0,0,3,0
2022,TUNJUELITO,Hombre,Subsidiado (EPSS),2,1,0,2,17,3
2022,TUNJUELITO,Mujer,Contributivo (EPS),1,0,0,0,1,0
2022,TUNJUELITO,Mujer,Contributivo (EPS),2,2,2,3,35,7
2022,TUNJUELITO,Mujer,Contributivo (EPS),3,0,0,0,1,0
2022,TUNJUELITO,Mujer,Ninguno,2,0,0,1,2,1
2022,TUNJUELITO,Mujer,Régimen excepcional,2,0,0,0,1,0
2022,TUNJUELITO,Mujer,Subsidiado (EPSS),2,1,1,3,23,5
2022,TUNJUELITO,Mujer,Subsidiado (EPSS),3,0,0,0,1,0
2022,USAQUEN,Hombre,Contributivo (EPS),1,0,0,1,2,1
2022,USAQUEN,Hombre,Contributivo (EPS),2,3,6,5,22,14
2022,USAQUEN,Hombre,Contributivo (EPS),3,0,3,5,21,8
2022,USAQUEN,Hombre,Contributivo (EPS),4,0,0,0,1,0
2022,USAQUEN,Hombre,Ninguno,3,0,1,0,2,1
2022,USAQUEN,Hombre,Subsidiado (EPSS),2,0,1,4,10,5
2022,USAQUEN,Hombre,Subsidiado (EPSS),3,1,1,2,6,4
2022,USAQUEN,Mujer,Contributivo (EPS),1,1,0,1,4,2
2022,USAQUEN,Mujer,Contributivo (EPS),2,2,3,4,12,9
2022,USAQUEN,Mujer,Contributivo (EPS),3,4,6,8,27,18
2022,USAQUEN,Mujer,Contributivo (EPS),5,0,1,1,1,2
2022,USAQUEN,Mujer,Contributivo (EPS),6,0,0,1,1,1
2022,USAQUEN,Mujer,Subsidiado (EPSS),1,0,0,1,2,1
2022,USAQUEN,Mujer,Subsidiado (EPSS),2,1,0,0,6,1
2022,USAQUEN,Mujer,Subsidiado (EPSS),3,0,1,2,5,3
2022,USME,Hombre,Contributivo (EPS),1,3,11,17,38,31
2022,USME,Hombre,Contributivo (EPS),2,2,0,13,43,15
2022,USME,Hombre,Ninguno,2,0,0,0,1,0
2022,USME,Hombre,Régimen excepcional,1,1,1,1,1,3
2022,USME,Hombre,Régimen excepcional,2,0,1,0,6,1
2022,USME,Hombre,Subsidiado (EPSS),1,1,4,6,22,11
2022,USME,Hombre,Subsidiado (EPSS),2,1,1,6,20,8
2022,USME,Mujer,Contributivo (EPS),1,4,9,14,48,27
2022,USME,Mujer,Contributivo (EPS),2,1,0,4,32,5
2022,USME,Mujer,Ninguno,1,0,0,0,1,0
2022,USME,Mujer,Régimen excepcional,2,0,0,1,2,1
2022,USME,Mujer,Subsidiado (EPSS),1,4,5,6,27,15
2022,USME,Mujer,Subsidiado (EPSS),2,0,1,5,17,6
2023,BARRIOS UNIDOS,Hombre,Contributivo (EPS),2,0,1,0,1,1
2023,BARRIOS UNIDOS,Hombre,Contributivo (EPS),3,1,3,10,25,14
2023,BARRIOS UNIDOS,Hombre,Contributivo (EPS),4,0,0,1,2,1
2023,BARRIOS UNIDOS,Hombre,Subsidiado (EPSS),3,2,3,3,11,8
2023,BARRIOS UNIDOS,Mujer,Contributivo (EPS),3,0,1,5,23,6
2023,BARRIOS UNIDOS,Mujer,Contributivo (EPS),4,0,0,0,2,0
2023,BARRIOS UNIDOS,Mujer,Subsidiado (EPSS),2,0,0,0,1,0
2023,BARRIOS UNIDOS,Mujer,Subsidiado (EPSS),3,0,0,0,5,0
2023,BOSA,Hombre,Contributivo (EPS),1,0,0,2,6,2
2023,BOSA,Hombre,Contributivo (EPS),2,7,1,29,86,37
2023,BOSA,Hombre,Contributivo (EPS),3,0,0,0,4,0
2023,BOSA,Hombre,Ninguno,1,0,0,0,1,0
2023,BOSA,Hombre,Ninguno,2,1,0,1,3,2
2023,BOSA,Hombre,Régimen excepcional,1,0,0,0,2,0
2023,BOSA,Hombre,Régimen excepcional,2,1,0,1,3,2
2023,BOSA,Hombre,Subsidiado (EPSS),1,0,0,1,5,1
2023,BOSA,Hombre,Subsidiado (EPSS),2,3,1,9,42,13
2023,BOSA,Mujer,Contributivo (EPS),1,0,0,1,5,1
2023,BOSA,Mujer,Contributivo (EPS),2,6,1,29,83,36
2023,BOSA,Mujer,Ninguno,2,0,0,0,1,0
2023,BOSA,Mujer,Régimen excepcional,1,0,0,0,1,0
2023,BOSA,Mujer,Régimen excepcional,2,0,0,2,7,2
2023,BOSA,Mujer,Subsidiado (EPSS),1,0,0,2,4,2
2023,BOSA,Mujer,Subsidiado (EPSS),2,2,0,11,39,13
2023,CIUDAD BOLIVAR,Hombre,Contributivo (EPS),1,6,10,10,56,26
2023,CIUDAD BOLIVAR,Hombre,Contributivo (EPS),2,3,3,5,27,11
2023,CIUDAD BOLIVAR,Hombre,Contributivo (EPS),3,0,0,0,1,0
2023,CIUDAD BOLIVAR,Hombre,Ninguno,1,0,1,0,1,1
2023,CIUDAD BOLIVAR,Hombre,Régimen excepcional,2,0,0,0,1,0
2023,CIUDAD BOLIVAR,Hombre,Subsidiado (EPSS),1,7,15,14,67,36
2023,CIUDAD BOLIVAR,Hombre,Subsidiado (EPSS),2,1,1,2,11,4
2023,CIUDAD BOLIVAR,Mujer,Contributivo (EPS),1,5,6,11,67,22
2023,CIUDAD BOLIVAR,Mujer,Contributivo (EPS),2,0,2,5,23,7
2023,CIUDAD BOLIVAR,Mujer,Contributivo (EPS),3,0,0,0,1,0
2023,CIUDAD BOLIVAR,Mujer,Régimen excepcional,2,0,1,1,3,2
2023,CIUDAD BOLIVAR,Mujer,Subsidiado (EPSS),1,4,3,9,53,16
2023,CIUDAD BOLIVAR,Mujer,Subsidiado (EPSS),2,2,4,3,13,9
2023,ENGATIVÁ,Hombre,Contributivo (EPS),2,9,14,11,31,34
2023,ENGATIVÁ,Hombre,Contributivo (EPS),3,6,7,10,42,23
2023,ENGATIVÁ,Hombre,Régimen excepcional,2,0,0,0,1,0
2023,ENGATIVÁ,Hombre,Régimen excepcional,3,1,1,1,1,3
2023,ENGATIVÁ,Hombre,Subsidiado (EPSS),1,0,1,1,1,2
2023,ENGATIVÁ,Hombre,Subsidiado (EPSS),2,1,4,2,6,7
2023,ENGATIVÁ,Hombre,Subsidiado (EPSS),3,2,3,2,15,7
2023,ENGATIVÁ,Mujer,Contributivo (EPS),2,2,4,5,21,11
2023,ENGATIVÁ,Mujer,Contributivo (EPS),3,2,6,9,33,17
2023,ENGATIVÁ,Mujer,Ninguno,2,1,1,1,1,3
2023,ENGATIVÁ,Mujer,Ninguno,3,0,0,0,1,0
2023,ENGATIVÁ,Mujer,Régimen excepcional,2,0,0,0,1,0
2023,ENGATIVÁ,Mujer,Régimen excepcional,3,0,1,1,3,2
2023,ENGATIVÁ,Mujer,Subsidiado (EPSS),2,1,4,4,8,9
2023,ENGATIVÁ,Mujer,Subsidiado (EPSS),3,1,2,1,9,4
2023,FONTIBÓN,Hombre,Contributivo (EPS),2,1,0,2,19,3
2023,FONTIBÓN,Hombre,Contributivo (EPS),3,1,0,7,30,8
2023,FONTIBÓN,Hombre,Contributivo (EPS),4,1,1,4,7,6
2023,FONTIBÓN,Hombre,Contributivo (EPS),5,0,0,0,1,0
2023,FONTIBÓN,Hombre,Ninguno,4,0,0,0,1,0
2023,FONTIBÓN,Hombre,Régimen excepcional,4,0,0,1,1,1
2023,FONTIBÓN,Hombre,Subsidiado (EPSS),2,1,0,2,3,3
2023,FONTIBÓN,Hombre,Subsidiado (EPSS),3,1,0,2,10,3
2023,FONTIBÓN,Hombre,Subsidiado (EPSS),4,0,0,0,2,0
2023,FONTIBÓN,Mujer,Contributivo (EPS),2,1,0,3,12,4
2023,FONTIBÓN,Mujer,Contributivo (EPS),3,2,1,5,16,8
2023,FONTIBÓN,Mujer,Contributivo (EPS),4,0,0,1,6,1
2023,FONTIBÓN,Mujer,Contributivo (EPS),5,1,1,1,1,3
2023,FONTIBÓN,Mujer,Régimen excepcional,2,1,0,1,3,2
2023,FONTIBÓN,Mujer,Régimen excepcional,3,0,0,0,1,0
2023,FONTIBÓN,Mujer,Subsidiado (EPSS),2,0,0,2,6,2
2023,FONTIBÓN,Mujer,Subsidiado (EPSS),3,1,0,5,9,6
2023,KENNEDY,Hombre,Contributivo (EPS),2,2,0,17,48,19
2023,KENNEDY,Hombre,Contributivo (EPS),3,2,0,12,33,14
2023,KENNEDY,Hombre,Régimen excepcional,2,0,0,0,1,0
2023,KENNEDY,Hombre,Subsidiado (EPSS),1,0,0,0,1,0
2023,KENNEDY,Hombre,Subsidiado (EPSS),2,3,1,11,33,15
2023,KENNEDY,Hombre,Subsidiado (EPSS),3,0,0,5,8,5
2023,KENNEDY,Mujer,Contributivo (EPS),1,0,0,0,2,0
2023,KENNEDY,Mujer,Contributivo (EPS),2,4,2,14,55,20
2023,KENNEDY,Mujer,Contributivo (EPS),3,2,0,4,20,6
2023,KENNEDY,Mujer,Ninguno,2,0,0,1,1,1
2023,KENNEDY,Mujer,Régimen excepcional,2,0,0,1,3,1
2023,KENNEDY,Mujer,Régimen excepcional,3,0,0,0,1,0
2023,KENNEDY,Mujer,Subsidiado (EPSS),1,1,0,1,3,2
2023,KENNEDY,Mujer,Subsidiado (EPSS),2,1,0,9,31,10
2023,KENNEDY,Mujer,Subsidiado (EPSS),3,1,0,6,18,7
2023,PUENTE ARANDA,Hombre,Contributivo (EPS),2,0,0,0,1,0
2023,PUENTE ARANDA,Hombre,Contributivo (EPS),3,1,0,10,48,11
2023,PUENTE ARANDA,Hombre,Régimen excepcional,3,0,0,2,4,2
2023,PUENTE ARANDA,Hombre,Subsidiado (EPSS),3,1,0,4,11,5
2023,PUENTE ARANDA,Mujer,Contributivo (EPS),3,1,1,9,32,11
2023,PUENTE ARANDA,Mujer,Régimen excepcional,3,0,0,2,7,2
2023,PUENTE ARANDA,Mujer,Subsidiado (EPSS),3,0,0,2,10,2
2023,SAN CRISTOBAL,Hombre,Contributivo (EPS),1,0,0,0,7,0
2023,SAN CRISTOBAL,Hombre,Contributivo (EPS),2,3,3,8,50,14
2023,SAN CRISTOBAL,Hombre,Contributivo (EPS),3,0,1,1,9,2
2023,SAN CRISTOBAL,Hombre,Ninguno,2,0,0,0,1,0
2023,SAN CRISTOBAL,Hombre,Ninguno,3,0,0,0,1,0
2023,SAN CRISTOBAL,Hombre,Subsidiado (EPSS),1,1,0,1,5,2
2023,SAN CRISTOBAL,Hombre,Subsidiado (EPSS),2,2,1,5,26,8
2023,SAN CRISTOBAL,Hombre,Subsidiado (EPSS),3,0,0,1,2,1
2023,SAN CRISTOBAL,Mujer,Contributivo (EPS),1,0,0,1,9,1
2023,SAN CRISTOBAL,Mujer,Contributivo (EPS),2,1,3,5,45,9
2023,SAN CRISTOBAL,Mujer,Contributivo (EPS),3,0,0,0,6,0
2023,SAN CRISTOBAL,Mujer,Ninguno,2,0,0,1,3,1
2023,SAN CRISTOBAL,Mujer,Ninguno,3,0,0,0,1,0
2023,SAN CRISTOBAL,Mujer,Régimen excepcional,2,0,0,0,1,0
2023,SAN CRISTOBAL,Mujer,Régimen excepcional,3,0,0,0,2,0
2023,SAN CRISTOBAL,Mujer,Subsidiado (EPSS),1,1,1,0,3,2
2023,SAN CRISTOBAL,Mujer,Subsidiado (EPSS),2,1,1,6,26,8
2023,SAN CRISTOBAL,Mujer,Subsidiado (EPSS),3,0,1,1,3,2
2023,SANTA FE,Hombre,Contributivo (EPS),2,2,1,1,23,4
2023,SANTA FE,Hombre,Contributivo (EPS),3,1,1,1,5,3
2023,SANTA FE,Hombre,Ninguno,2,0,0,0,1,0
2023,SANTA FE,Hombre,Régimen excepcional,2,0,0,0,1,0
2023,SANTA FE,Hombre,Subsidiado (EPSS),1,0,0,0,1,0
2023,SANTA FE,Hombre,Subsidiado (EPSS),2,3,5,3,29,11
2023,SANTA FE,Hombre,Subsidiado (EPSS),3,0,0,0,3,0
2023,SANTA FE,Mujer,Contributivo (EPS),1,0,1,0,1,1
2023,SANTA FE,Mujer,Contributivo (EPS),2,2,0,4,18,6
2023,SANTA FE,Mujer,Contributivo (EPS),3,0,0,0,3,0
2023,SANTA FE,Mujer,Ninguno,2,0,0,0,1,0
2023,SANTA FE,Mujer,Ninguno,3,0,0,0,1,0
2023,SANTA FE,Mujer,Régimen excepcional,3,0,0,1,1,1
2023,SANTA FE,Mujer,Subsidiado (EPSS),1,0,0,0,3,0
2023,SANTA FE,Mujer,Subsidiado (EPSS),2,0,0,2,17,2
2023,SANTA FE,Mujer,Subsidiado (EPSS),3,0,1,0,8,1
2023,SUBA,Hombre,Contributivo (EPS),2,13,26,29,89,68
2023,SUBA,Hombre,Contributivo (EPS),3,7,10,12,38,29
2023,SUBA,Hombre,Contributivo (EPS),4,0,1,3,5,4
2023,SUBA,Hombre,Contributivo (EPS),5,0,2,2,7,4
2023,SUBA,Hombre,Contributivo (EPS),6,0,1,1,1,2
2023,SUBA,Hombre,Ninguno,2,0,1,1,3,2
2023,SUBA,Hombre,Ninguno,3,0,0,0,1,0
2023,SUBA,Hombre,Ninguno,5,0,0,0,2,0
2023,SUBA,Hombre,Régimen excepcional,2,0,0,1,2,1
2023,SUBA,Hombre,Régimen excepcional,3,1,0,1,2,2
2023,SUBA,Hombre,Subsidiado (EPSS),2,7,7,10,39,24
2023,SUBA,Hombre,Subsidiado (EPSS),3,1,2,3,8,6
2023,SUBA,Mujer,Contributivo (EPS),2,10,14,20,74,44
2023,SUBA,Mujer,Contributivo (EPS),3,4,5,5,21,14
2023,SUBA,Mujer,Contributivo (EPS),4,1,1,3,6,5
2023,SUBA,Mujer,Contributivo (EPS),5,0,0,0,4,0
2023,SUBA,Mujer,Ninguno,3,0,0,1,1,1
2023,SUBA,Mujer,Régimen excepcional,2,0,0,1,1,1
2023,SUBA,Mujer,Régimen excepcional,4,0,0,0,1,0
2023,SUBA,Mujer,Subsidiado (EPSS),2,7,15,14,42,36
2023,SUBA,Mujer,Subsidiado (EPSS),3,0,2,2,8,4
2023,TUNJUELITO,Hombre,Contributivo (EPS),2,3,3,6,27,12
2023,TUNJUELITO,Hombre,Contributivo (EPS),3,0,2,1,6,3
2023,TUNJUELITO,Hombre,Subsidiado (EPSS),1,0,0,0,1,0
2023,TUNJUELITO,Hombre,Subsidiado (EPSS),2,1,4,5,24,10
2023,TUNJUELITO,Hombre,Subsidiado (EPSS),3,0,0,0,1,0
2023,TUNJUELITO,Mujer,Contributivo (EPS),1,0,0,0,1,0
2023,TUNJUELITO,Mujer,Contributivo (EPS),2,3,5,12,42,20
2023,TUNJUELITO,Mujer,Contributivo (EPS),3,0,0,0,3,0
2023,TUNJUELITO,Mujer,Ninguno,2,0,0,0,1,0
2023,TUNJUELITO,Mujer,Régimen excepcional,2,0,0,0,1,0
2023,TUNJUELITO,Mujer,Subsidiado (EPSS),2,0,2,3,16,5
2023,TUNJUELITO,Mujer,Subsidiado (EPSS),3,0,0,0,3,0
2023,USAQUEN,Hombre,Contributivo (EPS),1,0,0,0,2,0
2023,USAQUEN,Hombre,Contributivo (EPS),2,1,2,6,25,9
2023,USAQUEN,Hombre,Contributivo (EPS),3,1,3,3,13,7
2023,USAQUEN,Hombre,Contributivo (EPS),4,2,2,5,7,9
2023,USAQUEN,Hombre,Contributivo (EPS),5,0,1,2,5,3
2023,USAQUEN,Hombre,Contributivo (EPS),6,2,2,2,5,6
2023,USAQUEN,Hombre,Ninguno,4,0,0,0,1,0
2023,USAQUEN,Hombre,Subsidiado (EPSS),1,0,1,0,4,1
2023,USAQUEN,Hombre,Subsidiado (EPSS),2,2,2,2,12,6
2023,USAQUEN,Hombre,Subsidiado (EPSS),3,0,1,3,7,4
2023,USAQUEN,Mujer,Contributivo (EPS),1,2,3,4,9,9
2023,USAQUEN,Mujer,Contributivo (EPS),2,1,3,4,21,8
2023,USAQUEN,Mujer,Contributivo (EPS),3,2,2,1,8,5
2023,USAQUEN,Mujer,Contributivo (EPS),4,1,4,6,12,11
2023,USAQUEN,Mujer,Contributivo (EPS),5,0,0,0,5,0
2023,USAQUEN,Mujer,Contributivo (EPS),6,1,0,2,5,3
2023,USAQUEN,Mujer,Ninguno,1,0,0,0,1,0
2023,USAQUEN,Mujer,Ninguno,2,0,0,0,1,0
2023,USAQUEN,Mujer,Subsidiado (EPSS),1,1,0,1,3,2
2023,USAQUEN,Mujer,Subsidiado (EPSS),2,0,1,0,4,1
2023,USAQUEN,Mujer,Subsidiado (EPSS),3,2,4,3,9,9
2023,USME,Hombre,Contributivo (EPS),1,5,9,10,42,24
2023,USME,Hombre,Contributivo (EPS),2,4,7,11,47,22
2023,USME,Hombre,Contributivo (EPS),3,0,0,0,1,0
2023,USME,Hombre,Ninguno,1,0,0,0,1,0
2023,USME,Hombre,Régimen excepcional,1,0,0,1,1,1
2023,USME,Hombre,Régimen excepcional,2,0,2,2,4,4
2023,USME,Hombre,Subsidiado (EPSS),1,1,6,7,28,14
2023,USME,Hombre,Subsidiado (EPSS),2,3,4,5,17,12
2023,USME,Mujer,Contributivo (EPS),1,1,4,2,24,7
2023,USME,Mujer,Contributivo (EPS),2,2,8,4,34,14
2023,USME,Mujer,Régimen excepcional,1,0,0,0,1,0
2023,USME,Mujer,Régimen excepcional,2,0,0,2,4,2
2023,USME,Mujer,Subsidiado (EPSS),1,2,3,4,22,9
2023,USME,Mujer,Subsidiado (EPSS),2,1,5,2,19,8
